{
  "baseline": "random",
  "csv": "benchmarks/sample_world.csv",
  "n_samples": 150,
  "elapsed_seconds": 0.004,
  "metrics": {
    "acc_@1km": 0.0,
    "acc_@25km": 0.0,
    "acc_@200km": 0.0,
    "acc_@750km": 0.02666666666666667,
    "acc_@2500km": 0.06666666666666667,
    "median_error_km": 9470.739008965567,
    "mean_error_km": 9489.987507847876,
    "parse_failure_rate": 0.0
  }
}