{
  "baseline": "mean",
  "csv": "benchmarks/sample_world.csv",
  "n_samples": 150,
  "elapsed_seconds": 0.004,
  "metrics": {
    "acc_@1km": 0.0,
    "acc_@25km": 0.0,
    "acc_@200km": 0.0,
    "acc_@750km": 0.006666666666666667,
    "acc_@2500km": 0.07333333333333333,
    "median_error_km": 7718.590821427682,
    "mean_error_km": 7624.180807769255,
    "parse_failure_rate": 0.0
  }
}